crystal_size_distribution,CrystalSizeDistribution
crystal_slurry,CrystalSlurry
crystal_slurry_has_crystal,CrystalSlurryHasCrystal
data_set,DataSet
event_train,EventTrain
experimental_plan,ExperimentalPlan
loaded_sample,LoadedSample
master_trigger,MasterTrigger
micrograph,Micrograph
repeated_sequence,RepeatedSequence
sample_delivery_device,SampleDeliveryDevice
sample_stock,SampleStock
ssx_data_aquisition,SsxDataAcquisition
timed_excitation,TimedExcitation
timed_sequence,TimedSequence,
timed_xray_detection,TimedXrayDetection
timed_xray_exposure,TimedXrayExposure
